alpha_deg,re_model,cl_ref,cl_model,cl_abs_err,cl_pct_err,cd_ref,cd_model,cd_abs_err,cd_pct_err
-2,225600,-0.21,-0.202,0.008,3.80952,0.0115,0.0156,0.0041,35.6522
0,225600,0,0,0,nan,0.0105,0.015,0.0045,42.8571
2,225600,0.22,0.202,0.018,8.18182,0.011,0.0156,0.0046,41.8182
4,225600,0.44,0.404,0.036,8.18182,0.013,0.0173,0.0043,33.0769
6,225600,0.66,0.606,0.054,8.18182,0.017,0.0201,0.0031,18.2353
8,225600,0.86,0.808,0.052,6.04651,0.024,0.0241,0.0001,0.416667
